--
-- PostgreSQL database dump
--

-- Dumped from database version 15.1
-- Dumped by pg_dump version 15.1

SET statement_timeout = 0;
SET lock_timeout = 0;
SET idle_in_transaction_session_timeout = 0;
SET client_encoding = 'UTF8';
SET standard_conforming_strings = on;
SELECT pg_catalog.set_config('search_path', '', false);
SET check_function_bodies = false;
SET xmloption = content;
SET client_min_messages = warning;
SET row_security = off;

SET default_tablespace = '';

SET default_table_access_method = heap;

--
-- Name: analytic_banks; Type: TABLE; Schema: public; Owner: superuser
--

CREATE TABLE public.analytic_banks (
    id bigint NOT NULL,
    title character varying(255) NOT NULL,
    "timestamp" timestamp with time zone NOT NULL
);


ALTER TABLE public.analytic_banks OWNER TO superuser;

--
-- Name: analytic_banks_id_seq; Type: SEQUENCE; Schema: public; Owner: superuser
--

ALTER TABLE public.analytic_banks ALTER COLUMN id ADD GENERATED BY DEFAULT AS IDENTITY (
    SEQUENCE NAME public.analytic_banks_id_seq
    START WITH 1
    INCREMENT BY 1
    NO MINVALUE
    NO MAXVALUE
    CACHE 1
);


--
-- Name: analytic_indicator_values; Type: TABLE; Schema: public; Owner: superuser
--

CREATE TABLE public.analytic_indicator_values (
    id bigint NOT NULL,
    value numeric(20,2) NOT NULL,
    "timestamp" timestamp with time zone NOT NULL,
    bank_id bigint NOT NULL,
    indicator_id bigint NOT NULL,
    report_id bigint NOT NULL
);


ALTER TABLE public.analytic_indicator_values OWNER TO superuser;

--
-- Name: analytic_report_banks; Type: TABLE; Schema: public; Owner: superuser
--

CREATE TABLE public.analytic_report_banks (
    id bigint NOT NULL,
    report_id bigint NOT NULL,
    bank_id bigint NOT NULL
);


ALTER TABLE public.analytic_report_banks OWNER TO superuser;

--
-- Name: analytic_indicator_value_view; Type: VIEW; Schema: public; Owner: superuser
--

CREATE VIEW public.analytic_indicator_value_view AS
 SELECT ab.id,
    arb.id AS report_bank_id,
    ab.title,
    arb.report_id,
    ( SELECT analytic_indicator_values.value
           FROM public.analytic_indicator_values
          WHERE ((ab.id = analytic_indicator_values.bank_id) AND (arb.report_id = analytic_indicator_values.report_id) AND (analytic_indicator_values.indicator_id = 1))
         LIMIT 1) AS actives,
    ( SELECT analytic_indicator_values.value
           FROM public.analytic_indicator_values
          WHERE ((ab.id = analytic_indicator_values.bank_id) AND (arb.report_id = analytic_indicator_values.report_id) AND (analytic_indicator_values.indicator_id = 3))
         LIMIT 1) AS loan_portfolio_total,
    ( SELECT analytic_indicator_values.value
           FROM public.analytic_indicator_values
          WHERE ((ab.id = analytic_indicator_values.bank_id) AND (arb.report_id = analytic_indicator_values.report_id) AND (analytic_indicator_values.indicator_id = 5))
         LIMIT 1) AS reverse_repo_operations,
    ( SELECT analytic_indicator_values.value
           FROM public.analytic_indicator_values
          WHERE ((ab.id = analytic_indicator_values.bank_id) AND (arb.report_id = analytic_indicator_values.report_id) AND (analytic_indicator_values.indicator_id = 8))
         LIMIT 1) AS late_payments_7_sum,
    ( SELECT analytic_indicator_values.value
           FROM public.analytic_indicator_values
          WHERE ((ab.id = analytic_indicator_values.bank_id) AND (arb.report_id = analytic_indicator_values.report_id) AND (analytic_indicator_values.indicator_id = 9))
         LIMIT 1) AS late_payments_7_portfolio,
    ( SELECT analytic_indicator_values.value
           FROM public.analytic_indicator_values
          WHERE ((ab.id = analytic_indicator_values.bank_id) AND (arb.report_id = analytic_indicator_values.report_id) AND (analytic_indicator_values.indicator_id = 11))
         LIMIT 1) AS late_payments_30_sum,
    ( SELECT analytic_indicator_values.value
           FROM public.analytic_indicator_values
          WHERE ((ab.id = analytic_indicator_values.bank_id) AND (arb.report_id = analytic_indicator_values.report_id) AND (analytic_indicator_values.indicator_id = 12))
         LIMIT 1) AS late_payments_30_portfolio,
    ( SELECT analytic_indicator_values.value
           FROM public.analytic_indicator_values
          WHERE ((ab.id = analytic_indicator_values.bank_id) AND (arb.report_id = analytic_indicator_values.report_id) AND (analytic_indicator_values.indicator_id = 14))
         LIMIT 1) AS late_payments_90_sum,
    ( SELECT analytic_indicator_values.value
           FROM public.analytic_indicator_values
          WHERE ((ab.id = analytic_indicator_values.bank_id) AND (arb.report_id = analytic_indicator_values.report_id) AND (analytic_indicator_values.indicator_id = 15))
         LIMIT 1) AS late_payments_90_portfolio,
    ( SELECT analytic_indicator_values.value
           FROM public.analytic_indicator_values
          WHERE ((ab.id = analytic_indicator_values.bank_id) AND (arb.report_id = analytic_indicator_values.report_id) AND (analytic_indicator_values.indicator_id = 16))
         LIMIT 1) AS amount_remuneration,
    ( SELECT analytic_indicator_values.value
           FROM public.analytic_indicator_values
          WHERE ((ab.id = analytic_indicator_values.bank_id) AND (arb.report_id = analytic_indicator_values.report_id) AND (analytic_indicator_values.indicator_id = 17))
         LIMIT 1) AS provision_requirements,
    ( SELECT analytic_indicator_values.value
           FROM public.analytic_indicator_values
          WHERE ((ab.id = analytic_indicator_values.bank_id) AND (arb.report_id = analytic_indicator_values.report_id) AND (analytic_indicator_values.indicator_id = 18))
         LIMIT 1) AS liabilities,
    ( SELECT analytic_indicator_values.value
           FROM public.analytic_indicator_values
          WHERE ((ab.id = analytic_indicator_values.bank_id) AND (arb.report_id = analytic_indicator_values.report_id) AND (analytic_indicator_values.indicator_id = 20))
         LIMIT 1) AS contributions_individuals,
    ( SELECT analytic_indicator_values.value
           FROM public.analytic_indicator_values
          WHERE ((ab.id = analytic_indicator_values.bank_id) AND (arb.report_id = analytic_indicator_values.report_id) AND (analytic_indicator_values.indicator_id = 21))
         LIMIT 1) AS contributions_legal_entities,
    ( SELECT analytic_indicator_values.value
           FROM public.analytic_indicator_values
          WHERE ((ab.id = analytic_indicator_values.bank_id) AND (arb.report_id = analytic_indicator_values.report_id) AND (analytic_indicator_values.indicator_id = 22))
         LIMIT 1) AS equity_on_balance_sheet,
    ( SELECT analytic_indicator_values.value
           FROM public.analytic_indicator_values
          WHERE ((ab.id = analytic_indicator_values.bank_id) AND (arb.report_id = analytic_indicator_values.report_id) AND (analytic_indicator_values.indicator_id = 23))
         LIMIT 1) AS excess_of_income_tax
   FROM (public.analytic_report_banks arb
     LEFT JOIN public.analytic_banks ab ON ((ab.id = arb.bank_id)));


ALTER TABLE public.analytic_indicator_value_view OWNER TO superuser;

--
-- Name: analytic_indicator_values_id_seq; Type: SEQUENCE; Schema: public; Owner: superuser
--

ALTER TABLE public.analytic_indicator_values ALTER COLUMN id ADD GENERATED BY DEFAULT AS IDENTITY (
    SEQUENCE NAME public.analytic_indicator_values_id_seq
    START WITH 1
    INCREMENT BY 1
    NO MINVALUE
    NO MAXVALUE
    CACHE 1
);


--
-- Name: analytic_indicators; Type: TABLE; Schema: public; Owner: superuser
--

CREATE TABLE public.analytic_indicators (
    id bigint NOT NULL,
    title character varying(255) NOT NULL,
    code character varying(255) NOT NULL,
    "timestamp" timestamp with time zone NOT NULL,
    display integer,
    "order" integer NOT NULL,
    parent_id bigint,
    CONSTRAINT analytic_indicators_order_check CHECK (("order" >= 0))
);


ALTER TABLE public.analytic_indicators OWNER TO superuser;

--
-- Name: analytic_indicators_id_seq; Type: SEQUENCE; Schema: public; Owner: superuser
--

ALTER TABLE public.analytic_indicators ALTER COLUMN id ADD GENERATED BY DEFAULT AS IDENTITY (
    SEQUENCE NAME public.analytic_indicators_id_seq
    START WITH 1
    INCREMENT BY 1
    NO MINVALUE
    NO MAXVALUE
    CACHE 1
);


--
-- Name: analytic_report_banks_id_seq; Type: SEQUENCE; Schema: public; Owner: superuser
--

ALTER TABLE public.analytic_report_banks ALTER COLUMN id ADD GENERATED BY DEFAULT AS IDENTITY (
    SEQUENCE NAME public.analytic_report_banks_id_seq
    START WITH 1
    INCREMENT BY 1
    NO MINVALUE
    NO MAXVALUE
    CACHE 1
);


--
-- Name: analytic_reports; Type: TABLE; Schema: public; Owner: superuser
--

CREATE TABLE public.analytic_reports (
    id bigint NOT NULL,
    title character varying(255) NOT NULL,
    "timestamp" timestamp with time zone NOT NULL
);


ALTER TABLE public.analytic_reports OWNER TO superuser;

--
-- Name: analytic_reports_id_seq; Type: SEQUENCE; Schema: public; Owner: superuser
--

ALTER TABLE public.analytic_reports ALTER COLUMN id ADD GENERATED BY DEFAULT AS IDENTITY (
    SEQUENCE NAME public.analytic_reports_id_seq
    START WITH 1
    INCREMENT BY 1
    NO MINVALUE
    NO MAXVALUE
    CACHE 1
);


--
-- Name: auth_group; Type: TABLE; Schema: public; Owner: superuser
--

CREATE TABLE public.auth_group (
    id integer NOT NULL,
    name character varying(150) NOT NULL
);


ALTER TABLE public.auth_group OWNER TO superuser;

--
-- Name: auth_group_id_seq; Type: SEQUENCE; Schema: public; Owner: superuser
--

ALTER TABLE public.auth_group ALTER COLUMN id ADD GENERATED BY DEFAULT AS IDENTITY (
    SEQUENCE NAME public.auth_group_id_seq
    START WITH 1
    INCREMENT BY 1
    NO MINVALUE
    NO MAXVALUE
    CACHE 1
);


--
-- Name: auth_group_permissions; Type: TABLE; Schema: public; Owner: superuser
--

CREATE TABLE public.auth_group_permissions (
    id bigint NOT NULL,
    group_id integer NOT NULL,
    permission_id integer NOT NULL
);


ALTER TABLE public.auth_group_permissions OWNER TO superuser;

--
-- Name: auth_group_permissions_id_seq; Type: SEQUENCE; Schema: public; Owner: superuser
--

ALTER TABLE public.auth_group_permissions ALTER COLUMN id ADD GENERATED BY DEFAULT AS IDENTITY (
    SEQUENCE NAME public.auth_group_permissions_id_seq
    START WITH 1
    INCREMENT BY 1
    NO MINVALUE
    NO MAXVALUE
    CACHE 1
);


--
-- Name: auth_permission; Type: TABLE; Schema: public; Owner: superuser
--

CREATE TABLE public.auth_permission (
    id integer NOT NULL,
    name character varying(255) NOT NULL,
    content_type_id integer NOT NULL,
    codename character varying(100) NOT NULL
);


ALTER TABLE public.auth_permission OWNER TO superuser;

--
-- Name: auth_permission_id_seq; Type: SEQUENCE; Schema: public; Owner: superuser
--

ALTER TABLE public.auth_permission ALTER COLUMN id ADD GENERATED BY DEFAULT AS IDENTITY (
    SEQUENCE NAME public.auth_permission_id_seq
    START WITH 1
    INCREMENT BY 1
    NO MINVALUE
    NO MAXVALUE
    CACHE 1
);


--
-- Name: auth_user; Type: TABLE; Schema: public; Owner: superuser
--

CREATE TABLE public.auth_user (
    id integer NOT NULL,
    password character varying(128) NOT NULL,
    last_login timestamp with time zone,
    is_superuser boolean NOT NULL,
    username character varying(150) NOT NULL,
    first_name character varying(150) NOT NULL,
    last_name character varying(150) NOT NULL,
    email character varying(254) NOT NULL,
    is_staff boolean NOT NULL,
    is_active boolean NOT NULL,
    date_joined timestamp with time zone NOT NULL
);


ALTER TABLE public.auth_user OWNER TO superuser;

--
-- Name: auth_user_groups; Type: TABLE; Schema: public; Owner: superuser
--

CREATE TABLE public.auth_user_groups (
    id bigint NOT NULL,
    user_id integer NOT NULL,
    group_id integer NOT NULL
);


ALTER TABLE public.auth_user_groups OWNER TO superuser;

--
-- Name: auth_user_groups_id_seq; Type: SEQUENCE; Schema: public; Owner: superuser
--

ALTER TABLE public.auth_user_groups ALTER COLUMN id ADD GENERATED BY DEFAULT AS IDENTITY (
    SEQUENCE NAME public.auth_user_groups_id_seq
    START WITH 1
    INCREMENT BY 1
    NO MINVALUE
    NO MAXVALUE
    CACHE 1
);


--
-- Name: auth_user_id_seq; Type: SEQUENCE; Schema: public; Owner: superuser
--

ALTER TABLE public.auth_user ALTER COLUMN id ADD GENERATED BY DEFAULT AS IDENTITY (
    SEQUENCE NAME public.auth_user_id_seq
    START WITH 1
    INCREMENT BY 1
    NO MINVALUE
    NO MAXVALUE
    CACHE 1
);


--
-- Name: auth_user_user_permissions; Type: TABLE; Schema: public; Owner: superuser
--

CREATE TABLE public.auth_user_user_permissions (
    id bigint NOT NULL,
    user_id integer NOT NULL,
    permission_id integer NOT NULL
);


ALTER TABLE public.auth_user_user_permissions OWNER TO superuser;

--
-- Name: auth_user_user_permissions_id_seq; Type: SEQUENCE; Schema: public; Owner: superuser
--

ALTER TABLE public.auth_user_user_permissions ALTER COLUMN id ADD GENERATED BY DEFAULT AS IDENTITY (
    SEQUENCE NAME public.auth_user_user_permissions_id_seq
    START WITH 1
    INCREMENT BY 1
    NO MINVALUE
    NO MAXVALUE
    CACHE 1
);


--
-- Name: django_admin_log; Type: TABLE; Schema: public; Owner: superuser
--

CREATE TABLE public.django_admin_log (
    id integer NOT NULL,
    action_time timestamp with time zone NOT NULL,
    object_id text,
    object_repr character varying(200) NOT NULL,
    action_flag smallint NOT NULL,
    change_message text NOT NULL,
    content_type_id integer,
    user_id integer NOT NULL,
    CONSTRAINT django_admin_log_action_flag_check CHECK ((action_flag >= 0))
);


ALTER TABLE public.django_admin_log OWNER TO superuser;

--
-- Name: django_admin_log_id_seq; Type: SEQUENCE; Schema: public; Owner: superuser
--

ALTER TABLE public.django_admin_log ALTER COLUMN id ADD GENERATED BY DEFAULT AS IDENTITY (
    SEQUENCE NAME public.django_admin_log_id_seq
    START WITH 1
    INCREMENT BY 1
    NO MINVALUE
    NO MAXVALUE
    CACHE 1
);


--
-- Name: django_content_type; Type: TABLE; Schema: public; Owner: superuser
--

CREATE TABLE public.django_content_type (
    id integer NOT NULL,
    app_label character varying(100) NOT NULL,
    model character varying(100) NOT NULL
);


ALTER TABLE public.django_content_type OWNER TO superuser;

--
-- Name: django_content_type_id_seq; Type: SEQUENCE; Schema: public; Owner: superuser
--

ALTER TABLE public.django_content_type ALTER COLUMN id ADD GENERATED BY DEFAULT AS IDENTITY (
    SEQUENCE NAME public.django_content_type_id_seq
    START WITH 1
    INCREMENT BY 1
    NO MINVALUE
    NO MAXVALUE
    CACHE 1
);


--
-- Name: django_migrations; Type: TABLE; Schema: public; Owner: superuser
--

CREATE TABLE public.django_migrations (
    id bigint NOT NULL,
    app character varying(255) NOT NULL,
    name character varying(255) NOT NULL,
    applied timestamp with time zone NOT NULL
);


ALTER TABLE public.django_migrations OWNER TO superuser;

--
-- Name: django_migrations_id_seq; Type: SEQUENCE; Schema: public; Owner: superuser
--

ALTER TABLE public.django_migrations ALTER COLUMN id ADD GENERATED BY DEFAULT AS IDENTITY (
    SEQUENCE NAME public.django_migrations_id_seq
    START WITH 1
    INCREMENT BY 1
    NO MINVALUE
    NO MAXVALUE
    CACHE 1
);


--
-- Name: django_session; Type: TABLE; Schema: public; Owner: superuser
--

CREATE TABLE public.django_session (
    session_key character varying(40) NOT NULL,
    session_data text NOT NULL,
    expire_date timestamp with time zone NOT NULL
);


ALTER TABLE public.django_session OWNER TO superuser;

--
-- Name: parser_post; Type: TABLE; Schema: public; Owner: superuser
--

CREATE TABLE public.parser_post (
    id bigint NOT NULL,
    title character varying(255) NOT NULL,
    link character varying(200) NOT NULL,
    published_at date NOT NULL
);


ALTER TABLE public.parser_post OWNER TO superuser;

--
-- Name: parser_post_id_seq; Type: SEQUENCE; Schema: public; Owner: superuser
--

ALTER TABLE public.parser_post ALTER COLUMN id ADD GENERATED BY DEFAULT AS IDENTITY (
    SEQUENCE NAME public.parser_post_id_seq
    START WITH 1
    INCREMENT BY 1
    NO MINVALUE
    NO MAXVALUE
    CACHE 1
);


--
-- Data for Name: analytic_banks; Type: TABLE DATA; Schema: public; Owner: superuser
--

COPY public.analytic_banks (id, title, "timestamp") FROM stdin;
\.


--
-- Data for Name: analytic_indicator_values; Type: TABLE DATA; Schema: public; Owner: superuser
--

COPY public.analytic_indicator_values (id, value, "timestamp", bank_id, indicator_id, report_id) FROM stdin;
\.


--
-- Data for Name: analytic_indicators; Type: TABLE DATA; Schema: public; Owner: superuser
--

COPY public.analytic_indicators (id, title, code, "timestamp", display, "order", parent_id) FROM stdin;
2	Ссудный портфель	loan_portfolio	2024-04-13 04:07:49.437248+00	\N	2	\N
22	Собственный капитал по балансу	equity_on_balance_sheet	2024-04-13 05:32:36.517328+00	0	8	\N
18	Обязательства	liabilities	2024-04-13 05:30:18.580476+00	0	6	\N
1	Активы	actives	2024-04-13 04:06:59.198666+00	0	1	\N
4	в том числе	loan_portfolio_including	2024-04-13 04:10:24.546181+00	\N	2	2
3	всего	loan_portfolio_total	2024-04-13 04:08:20.395327+00	0	1	2
21	юридических лиц	contributions_legal_entities	2024-04-13 05:31:46.259058+00	0	7	19
9	доля  в ссудном портфеле	late_payments_7_portfolio	2024-04-13 04:14:28.291674+00	1	2	8
7	свыше 7 дней	late_payments_7	2024-04-13 04:13:07.269812+00	\N	3	6
23	Превышение текущих доходов (расходов) над текущими расходами (доходами) после уплаты подоходного налога	excess_of_income_tax	2024-04-13 05:33:39.757843+00	0	9	\N
13	свыше 90 дней	late_payments_90	2024-04-13 05:19:48.596261+00	\N	5	6
12	доля  в ссудном портфеле	late_payments_30_portfolio	2024-04-13 05:18:24.430574+00	1	2	10
17	Провизии, сформированные по ссудному портфелю в соответствии с требованиями МСФО	provision_requirements	2024-04-13 05:29:52.887064+00	0	5	\N
16	Сумма просроченной задолженности по кредитам, включая просроченное вознаграждение	amount_remuneration	2024-04-13 05:28:47.231453+00	0	4	\N
15	доля  в ссудном портфеле	late_payments_90_portfolio	2024-04-13 05:20:51.353837+00	1	2	13
14	сумма	late_payments_90_sum	2024-04-13 05:20:02.695542+00	0	1	13
11	сумма	late_payments_30_sum	2024-04-13 05:18:12.492565+00	0	1	10
8	сумма	late_payments_7_sum	2024-04-13 04:13:49.401713+00	0	1	7
20	физических лиц	contributions_individuals	2024-04-13 05:31:09.305685+00	0	6	19
5	операции "Обратное РЕПО"	reverse_repo_operations	2024-04-13 04:11:08.675409+00	0	1	4
6	из него Кредиты с просрочкой платежей	late_payments	2024-04-13 04:12:37.332723+00	\N	3	\N
19	из них вклады	contributions	2024-04-13 05:30:46.754918+00	\N	7	\N
10	свыше 30 дней	late_payments_30	2024-04-13 05:17:47.985686+00	\N	4	6
\.


--
-- Data for Name: analytic_report_banks; Type: TABLE DATA; Schema: public; Owner: superuser
--

COPY public.analytic_report_banks (id, report_id, bank_id) FROM stdin;
\.


--
-- Data for Name: analytic_reports; Type: TABLE DATA; Schema: public; Owner: superuser
--

COPY public.analytic_reports (id, title, "timestamp") FROM stdin;
\.


--
-- Data for Name: auth_group; Type: TABLE DATA; Schema: public; Owner: superuser
--

COPY public.auth_group (id, name) FROM stdin;
\.


--
-- Data for Name: auth_group_permissions; Type: TABLE DATA; Schema: public; Owner: superuser
--

COPY public.auth_group_permissions (id, group_id, permission_id) FROM stdin;
\.


--
-- Data for Name: auth_permission; Type: TABLE DATA; Schema: public; Owner: superuser
--

COPY public.auth_permission (id, name, content_type_id, codename) FROM stdin;
1	Can add log entry	1	add_logentry
2	Can change log entry	1	change_logentry
3	Can delete log entry	1	delete_logentry
4	Can view log entry	1	view_logentry
5	Can add permission	2	add_permission
6	Can change permission	2	change_permission
7	Can delete permission	2	delete_permission
8	Can view permission	2	view_permission
9	Can add group	3	add_group
10	Can change group	3	change_group
11	Can delete group	3	delete_group
12	Can view group	3	view_group
13	Can add user	4	add_user
14	Can change user	4	change_user
15	Can delete user	4	delete_user
16	Can view user	4	view_user
17	Can add content type	5	add_contenttype
18	Can change content type	5	change_contenttype
19	Can delete content type	5	delete_contenttype
20	Can view content type	5	view_contenttype
21	Can add session	6	add_session
22	Can change session	6	change_session
23	Can delete session	6	delete_session
24	Can view session	6	view_session
25	Can add bank	7	add_bank
26	Can change bank	7	change_bank
27	Can delete bank	7	delete_bank
28	Can view bank	7	view_bank
29	Can add report	8	add_report
30	Can change report	8	change_report
31	Can delete report	8	delete_report
32	Can view report	8	view_report
33	Can add indicator	9	add_indicator
34	Can change indicator	9	change_indicator
35	Can delete indicator	9	delete_indicator
36	Can view indicator	9	view_indicator
37	Can add indicator value	10	add_indicatorvalue
38	Can change indicator value	10	change_indicatorvalue
39	Can delete indicator value	10	delete_indicatorvalue
40	Can view indicator value	10	view_indicatorvalue
41	Can add indicator value view	11	add_indicatorvalueview
42	Can change indicator value view	11	change_indicatorvalueview
43	Can delete indicator value view	11	delete_indicatorvalueview
44	Can view indicator value view	11	view_indicatorvalueview
45	Can add post	12	add_post
46	Can change post	12	change_post
47	Can delete post	12	delete_post
48	Can view post	12	view_post
\.


--
-- Data for Name: auth_user; Type: TABLE DATA; Schema: public; Owner: superuser
--

COPY public.auth_user (id, password, last_login, is_superuser, username, first_name, last_name, email, is_staff, is_active, date_joined) FROM stdin;
1	pbkdf2_sha256$720000$4RGP77pRzc0VsRdb9CP1Yl$WqLbQJxofWxabsnoLcAo/eBO50xiXm3url7UBGcy4Qo=	2024-04-15 14:03:01.936852+00	t	admin			admin@admin.com	t	t	2024-04-15 04:54:49.697952+00
\.


--
-- Data for Name: auth_user_groups; Type: TABLE DATA; Schema: public; Owner: superuser
--

COPY public.auth_user_groups (id, user_id, group_id) FROM stdin;
\.


--
-- Data for Name: auth_user_user_permissions; Type: TABLE DATA; Schema: public; Owner: superuser
--

COPY public.auth_user_user_permissions (id, user_id, permission_id) FROM stdin;
\.


--
-- Data for Name: django_admin_log; Type: TABLE DATA; Schema: public; Owner: superuser
--

COPY public.django_admin_log (id, action_time, object_id, object_repr, action_flag, change_message, content_type_id, user_id) FROM stdin;
1	2024-04-15 05:13:18.368466+00	1	Финансовые показатели банков второго уровня1 по состоянию на 01.01.2024 г.	1	[{"added": {}}]	8	1
2	2024-04-15 05:13:36.686266+00	2	Финансовые показатели банков второго уровня1 по состоянию на 01.01.2024г. с учетом заключительных оборотов	1	[{"added": {}}]	8	1
3	2024-04-15 05:13:51.490313+00	3	Финансовые показатели банков второго уровня1 по состоянию на 01.02.2024г.	1	[{"added": {}}]	8	1
4	2024-04-15 05:14:04.947223+00	4	Финансовые показатели банков второго уровня1 по состоянию на 01.03.2024г.	1	[{"added": {}}]	8	1
\.


--
-- Data for Name: django_content_type; Type: TABLE DATA; Schema: public; Owner: superuser
--

COPY public.django_content_type (id, app_label, model) FROM stdin;
1	admin	logentry
2	auth	permission
3	auth	group
4	auth	user
5	contenttypes	contenttype
6	sessions	session
7	analytic	bank
8	analytic	report
9	analytic	indicator
10	analytic	indicatorvalue
11	analytic	indicatorvalueview
12	parser	post
\.


--
-- Data for Name: django_migrations; Type: TABLE DATA; Schema: public; Owner: superuser
--

COPY public.django_migrations (id, app, name, applied) FROM stdin;
1	contenttypes	0001_initial	2024-04-15 04:53:40.916+00
2	auth	0001_initial	2024-04-15 04:53:41.044683+00
3	admin	0001_initial	2024-04-15 04:53:41.08237+00
4	admin	0002_logentry_remove_auto_add	2024-04-15 04:53:41.094094+00
5	admin	0003_logentry_add_action_flag_choices	2024-04-15 04:53:41.111628+00
6	analytic	0001_initial	2024-04-15 04:53:41.246951+00
7	contenttypes	0002_remove_content_type_name	2024-04-15 04:53:41.274829+00
8	auth	0002_alter_permission_name_max_length	2024-04-15 04:53:41.28689+00
9	auth	0003_alter_user_email_max_length	2024-04-15 04:53:41.299155+00
10	auth	0004_alter_user_username_opts	2024-04-15 04:53:41.309786+00
11	auth	0005_alter_user_last_login_null	2024-04-15 04:53:41.321778+00
12	auth	0006_require_contenttypes_0002	2024-04-15 04:53:41.324408+00
13	auth	0007_alter_validators_add_error_messages	2024-04-15 04:53:41.337298+00
14	auth	0008_alter_user_username_max_length	2024-04-15 04:53:41.360241+00
15	auth	0009_alter_user_last_name_max_length	2024-04-15 04:53:41.371352+00
16	auth	0010_alter_group_name_max_length	2024-04-15 04:53:41.387559+00
17	auth	0011_update_proxy_permissions	2024-04-15 04:53:41.401157+00
18	auth	0012_alter_user_first_name_max_length	2024-04-15 04:53:41.413605+00
19	sessions	0001_initial	2024-04-15 04:53:41.442363+00
20	analytic	0002_indicatorvalueview_report_banks	2024-04-15 09:15:10.605472+00
21	analytic	0003_remove_report_code_remove_report_date_and_more	2024-04-15 10:56:41.549191+00
22	parser	0001_initial	2024-04-15 15:03:20.895301+00
23	parser	0002_post_published_at	2024-04-15 15:15:57.587917+00
\.


--
-- Data for Name: django_session; Type: TABLE DATA; Schema: public; Owner: superuser
--

COPY public.django_session (session_key, session_data, expire_date) FROM stdin;
wduc7wcyeojxnij7njpwph7yhxifk2ih	.eJxVjMsOwiAQRf-FtSFAeUxduvcbyDAMUjU0Ke3K-O_apAvd3nPOfYmI21rj1nmJUxZnocXpd0tID247yHdst1nS3NZlSnJX5EG7vM6Zn5fD_Tuo2Ou3HgBLcITWWW-hgCdMY-GBiShl5dBopYyzAUzgDCOwDoYtOYCUrQfx_gDwwDfp:1rwMvF:yxyFc09knHy_7lfqvFhkWfSUcx7D_aU-KgAypVpC-gA	2024-04-29 14:03:01.941117+00
\.


--
-- Data for Name: parser_post; Type: TABLE DATA; Schema: public; Owner: superuser
--

COPY public.parser_post (id, title, link, published_at) FROM stdin;
1	Казахстанские банки участвуют в восстановлении экономики после массовых беспорядков	https://afk.kz/ru/news/kazaxstanskie-banki-uchastvuyut-v-vosstanovlenii-ekonomiki-posle-massovyix-besporyadkov.html	2022-01-17
2	АФК, НБРК и АРРФР приглашают СМИ аккредитоваться на IX Конгресс финансистов Казахстана	https://afk.kz/ru/news/afk,-nbrk-i-arrfr-priglashayut-smi-akkreditovatsya-na-ix-kongress-finansistov-kazaxstana.html	2021-11-11
3	Серику Ахметжановичу Аханову 70 лет	https://afk.kz/ru/news/seriku-axanovu-ispolnilos-70-let.html	2021-11-01
4	Поздравляем новых членов АФК со вступлением в Ассоциацию!	https://afk.kz/ru/news/pozdravlyaem-novyix-chlenov-afk-so-vstupleniem-v-assocziacziyu!.html	2021-10-19
5	АФК организовала онлайн-семинар о передаче пенсионных накоплений в частное управление	https://afk.kz/ru/news/afk-organizovala-onlajn-seminar-o-peredache-pensionnyix-nakoplenij-v-chastnoe-upravlenie.html	2021-06-15
6	АФК при поддержке банков, лизинговых и страховых компаний организовала серию онлайн-семинаров для предпринимателей	https://afk.kz/ru/news/afk-pri-podderzhke-bankov,-lizingovyix-i-straxovyix-kompanij-organizovala-seriyu-onlajn-seminarov-dlya-predprinimatelej.html	2021-03-05
7	Совместное обращение банков второго уровня	https://afk.kz/ru/news/sovmestnoe-obrashhenie-bankov-vtorogo-urovnya.html	2021-03-04
8	АФК и БВУ просят казахстанцев быть внимательнее к разглашению своих персональных данных	https://afk.kz/ru/news/afk-i-bvu-prosyat-kazaxstanczev-byit-vnimatelnee-k-razglasheniyu-svoix-personalnyix-dannyix.html	2021-01-08
9	Председатель Совета АФК Елена Бахмутова выступила  с докладом о новой модели финансового сектора РК	https://afk.kz/ru/news/predsedatel-soveta-afk-elena-baxmutova-vyistupila-s-dokladom-o-novoj-modeli-finansovogo-sektora-rk.html	2020-11-12
10	Итоги общего собрания членов АФК	https://afk.kz/ru/news/itogi-obshhego-sobraniya-chlenov-afk.html	2020-09-22
11	Кредитные каникулы в различных финансовых организациях	https://afk.kz/ru/news/kreditnyie-kanikulyi-v-razlichnyix-finansovyix-organizacziyax.html	2020-03-31
12	Офис АФК закрыт для посещения до 5 апреля (включительно)	https://afk.kz/ru/news/ofis-afk-zakryit-dlya-poseshheniya-do-5-aprelya-(vklyuchitelno).html	2020-03-27
13	Текущий счет складывается профицитным второй квартал подряд	https://afk.kz/ru/news/tekushhij-schet-skladyivaetsya-proficzitnyim-vtoroj-kvartal-podryad.html	2019-05-08
14	Эксперты ожидают дальнейшего снижения базовой ставки в ближайший год	https://afk.kz/ru/news/eksperty-ozhidt-daln-snizheniya-baz-stavki-v-blizh-god.html	2019-04-22
15	Правительство РК и Нацбанк РК подписали Соглашение о координации мер макроэкономической политики на 2019 год	https://afk.kz/ru/news/pravitelstvo-rk-i-naczbank-rk-podpisali-soglashenie-o-koordinaczii-mer-makroekonomicheskoj-politiki-na-2019-god.html	2019-03-26
16	Инфляционные ожидания экспертов остаются повышенными в марте	https://afk.kz/ru/news/inflyaczionnyie-ozhidaniya-ekspertov-ostayutsya-povyishennyimi-v-marte.html	2019-03-26
17	Нацбанк прогнозирует снижение экспорта на 15,8% в 2019 году	https://afk.kz/ru/news/naczbank-prognoziruet-snizhenie-eksporta-2019-godu.html	2019-03-18
18	Елена Бахмутова открыла торги на KASE, посвящённые гендерному равенству	https://afk.kz/ru/news/elena-baxmutova-otkryila-torgi-na-kase,-posvyashhyonnyie-gendernomu-ravnopraviyu.html	2019-03-07
19	Ерлан Бурабаев избран председателем Совета директоров Фонда гарантирования страховых выплат	https://afk.kz/ru/news/erlan-burabaev-izbran-predsedatelem-soveta-direktorov-fonda-garantirovaniya-straxovyix-vyiplat.html	2019-03-04
20	S&P осуществило рейтинговые действия в отношении банков, отмечая смену подходов в отношении поддержки со стороны государства	https://afk.kz/ru/news/s-i-p-osushhestvilo-rejtingovyie-dejstviya-bvu-rk.html	2019-02-26
21	Прогнозы по инфляции были пересмотрены в сторону понижения	https://afk.kz/ru/news/prognozyi-po-inflyaczii-byili-peresmotrenyi-v-storonu-ponizheniya.html	2019-02-18
22	За январь в Казахстане приобретено 300 тыс. электронных полисов автострахования	https://afk.kz/ru/news/za-yanvar-v-kazaxstane-priobreteno-300-tyis.-elektronnyix-polisov-avtostraxovaniya.html	2019-02-06
23	О предварительной оценке платежного баланса за 2018 год	https://afk.kz/ru/news/o-predvaritelnoj-oczenke-platezhnogo-balansa-za-2018-god.html	2019-02-05
24	Эксперты АФК: ожидания на 2019 год являются умеренно негативными	https://afk.kz/ru/news/ekspertyi-afk-ozhidaniya-na-2019-god-yavlyayutsya-umerenno-negativnyimi.html	2019-01-28
25	Пострадавшие от кризиса предприниматели и население получат три месяца кредитных каникул	https://afk.kz/ru/news/postradavshie-ot-krizisa-predprinimateli-i-naselenie-poluchat-tri-mesyacza-kreditnyix-kanikul.html	2020-03-27
26	Финансовый сектор Казахстана участвует в реализации антикризисных мер и поддержке предпринимателей	https://afk.kz/ru/news/finansovyij-sektor-kazaxstana-uchastvuet-v-realizaczii-antikrizisnyix-mer-i-podderzhke-predprinimatelej.html	2020-03-18
27	Национальный банк РК приступает к публикации информации об объемах конвертаций и трансфертов Национального фонда	https://afk.kz/ru/news/naczionalnyij-bank-rk-pristupaet-k-publikaczii-informaczii-ob-obemax-konvertaczij-i-transfertov-naczionalnogo-fonda.html	2020-02-05
28	Стратегические вопросы страхования обсуждались на встрече  страховых организаций с руководством Агентства РК по регулированию и развитию финансового рынка	https://afk.kz/ru/news/strategicheskie-voprosyi-straxovaniya-obsuzhdalis-na-vstreche-straxovyix-organizaczij-s-rukovodstvom-agentstva-rk-po-regulirovaniyu-i-razvitiyu-finansovogo-ryinka.html	2020-02-03
29	Профессиональные участники рынка ценных бумаг встретились с руководителем Агентства РК по регулированию и развитию финансового рынка	https://afk.kz/ru/news/professionalnyie-uchastniki-ryinka-czennyix-bumag-vstretilis-s-rukovoditelem-agentstva-rk-po-regulirovaniyu-i-razvitiyu-finansovogo-ryinka.html	2020-01-31
30	Ожидания экспертов финрынка улучшились в январе	https://afk.kz/ru/news/ozhidaniya-ekspertov-finryinka-uluchshilis-v-yanvare.html	2020-01-20
31	Елена Бахмутова – о сильных и слабых сторонах пенсионной системы	https://afk.kz/ru/news/elena-baxmutova-–-o-silnyix-i-slabyix-storonax-pensionnoj-sistemyi.html	2020-01-10
32	Пенсии «по-сингапурски» - панацея или ловушка?	https://afk.kz/ru/news/pensii-po-singapurski-panaczeya-ili-lovushka.html	2020-01-10
33	Эксперты ожидают дальнейшего замедления инфляции	https://afk.kz/ru/news/ekspertyi-ozhidayut-dalnejshego-zamedleniya-inflyaczii.html	2019-12-09
34	Видеозапись конференции	https://afk.kz/ru/news/onlajn-translyacziya-konferenczii-2019.html	2019-11-15
35	Среднесрочные ожидания экспертов по инфляции в пределах цели НБРК	https://afk.kz/ru/news/srednesrochnyie-ozhidaniya-ekspertov-po-inflyaczii-v-predelax-czeli-nbrk.html	2019-11-14
36	В Алматы пройдёт конференция на тему: «Финансовый рынок и реальный сектор экономики Казахстана»	https://afk.kz/ru/news/v-almatyi-projdyot-konferencziya-na-temu-finansovyij-ryinok-i-realnyij-sektor-ekonomiki-kazaxstana.html	2019-11-07
37	Казахстанские банки предоставят отсрочку пострадавшим от паводков заёмщикам	https://afk.kz/ru/news/kazaxstanskie-banki-predostavyat-otsrochku-postradavshim-ot-pavodkov-zayomshhikam.html	2024-04-01
38	АФК предупреждает потребителей финансовых услуг о возможном мошенничестве	https://afk.kz/ru/news/afk-preduprezhdaet-potrebitelej-finansovyix-uslug-o-vozmozhnom-moshennichestve.html	2023-12-07
39	KASE в честь своего 30-летия провела Международный биржевой форум в Алматы	https://afk.kz/ru/news/kase-provela-mezhdunarodnyij-birzhevoj-forum-v-chest-svoego-30-letiya.html	2023-11-17
40	В Алматы состоялся XI Конгресс финансистов Казахстана	https://afk.kz/ru/news/v-almatyi-sostoyalsya-xi-kongress-finansistov-kazaxstana.html	2023-11-17
41	Эксперты АФК выступили перед студентами МУИТ	https://afk.kz/ru/news/ekspertyi-afk-vyistupili-pered-studentami-muit.html	2023-11-09
42	АФК организовала онлайн-семинар о процедурах банкротства физических лиц	https://afk.kz/ru/news/afk-organizovala-onlajn-seminar-o-proczedurax-bankrotstva-fizicheskix-licz.html	2023-05-16
43	Кто победит в борьбе интеллектов?	https://afk.kz/ru/news/kto-pobedit-v-borbe-intellektov.html	2023-03-06
44	X Конгресс финансистов Казахстана прошел в Алматы	https://afk.kz/ru/news/x-kongress-finansistov-kazaxstana-proshel-v-almatyi.html	2022-11-17
45	15 ноября 2022 года в г. Алматы состоится X Конгресс финансистов Казахстана	https://afk.kz/ru/news/15-noyabrya-2022-goda-v-g.-almatyi-sostoitsya-x-kongress-finansistov-kazaxstana.html	2022-11-11
46	Национальный Банк Казахстана запустил в промышленную эксплуатацию Межбанковскую систему платежных карточек	https://afk.kz/ru/news/naczionalnyij-bank-kazaxstana-zapustil-v-promyishlennuyu-ekspluatacziyu-mezhbankovskuyu-sistemu-platezhnyix-kartochek.html	2022-07-01
47	Обращение банков в связи с обменом наличной валюты	https://afk.kz/ru/news/obrashhenie-bankov-v-svyazi-s-obmenom-nalichnoj-valyutyi.html	2022-03-11
48	Страховые компании Казахстана гарантируют исполнение договоров, упростили рассмотрение страховых случаев	https://afk.kz/ru/news/straxovyie-kompanii-kazaxstana-garantiruyut-ispolnenie-dogovorov,-uprostili-rassmotrenie-straxovyix-sluchaev.html	2022-01-21
\.


--
-- Name: analytic_banks_id_seq; Type: SEQUENCE SET; Schema: public; Owner: superuser
--

SELECT pg_catalog.setval('public.analytic_banks_id_seq', 1, false);


--
-- Name: analytic_indicator_values_id_seq; Type: SEQUENCE SET; Schema: public; Owner: superuser
--

SELECT pg_catalog.setval('public.analytic_indicator_values_id_seq', 1, false);


--
-- Name: analytic_indicators_id_seq; Type: SEQUENCE SET; Schema: public; Owner: superuser
--

SELECT pg_catalog.setval('public.analytic_indicators_id_seq', 1, false);


--
-- Name: analytic_report_banks_id_seq; Type: SEQUENCE SET; Schema: public; Owner: superuser
--

SELECT pg_catalog.setval('public.analytic_report_banks_id_seq', 1, false);


--
-- Name: analytic_reports_id_seq; Type: SEQUENCE SET; Schema: public; Owner: superuser
--

SELECT pg_catalog.setval('public.analytic_reports_id_seq', 1, false);


--
-- Name: auth_group_id_seq; Type: SEQUENCE SET; Schema: public; Owner: superuser
--

SELECT pg_catalog.setval('public.auth_group_id_seq', 1, false);


--
-- Name: auth_group_permissions_id_seq; Type: SEQUENCE SET; Schema: public; Owner: superuser
--

SELECT pg_catalog.setval('public.auth_group_permissions_id_seq', 1, false);


--
-- Name: auth_permission_id_seq; Type: SEQUENCE SET; Schema: public; Owner: superuser
--

SELECT pg_catalog.setval('public.auth_permission_id_seq', 48, true);


--
-- Name: auth_user_groups_id_seq; Type: SEQUENCE SET; Schema: public; Owner: superuser
--

SELECT pg_catalog.setval('public.auth_user_groups_id_seq', 1, false);


--
-- Name: auth_user_id_seq; Type: SEQUENCE SET; Schema: public; Owner: superuser
--

SELECT pg_catalog.setval('public.auth_user_id_seq', 1, true);


--
-- Name: auth_user_user_permissions_id_seq; Type: SEQUENCE SET; Schema: public; Owner: superuser
--

SELECT pg_catalog.setval('public.auth_user_user_permissions_id_seq', 1, false);


--
-- Name: django_admin_log_id_seq; Type: SEQUENCE SET; Schema: public; Owner: superuser
--

SELECT pg_catalog.setval('public.django_admin_log_id_seq', 4, true);


--
-- Name: django_content_type_id_seq; Type: SEQUENCE SET; Schema: public; Owner: superuser
--

SELECT pg_catalog.setval('public.django_content_type_id_seq', 12, true);


--
-- Name: django_migrations_id_seq; Type: SEQUENCE SET; Schema: public; Owner: superuser
--

SELECT pg_catalog.setval('public.django_migrations_id_seq', 23, true);


--
-- Name: parser_post_id_seq; Type: SEQUENCE SET; Schema: public; Owner: superuser
--

SELECT pg_catalog.setval('public.parser_post_id_seq', 48, true);


--
-- Name: analytic_banks analytic_banks_pkey; Type: CONSTRAINT; Schema: public; Owner: superuser
--

ALTER TABLE ONLY public.analytic_banks
    ADD CONSTRAINT analytic_banks_pkey PRIMARY KEY (id);


--
-- Name: analytic_banks analytic_banks_title_key; Type: CONSTRAINT; Schema: public; Owner: superuser
--

ALTER TABLE ONLY public.analytic_banks
    ADD CONSTRAINT analytic_banks_title_key UNIQUE (title);


--
-- Name: analytic_indicator_values analytic_indicator_values_pkey; Type: CONSTRAINT; Schema: public; Owner: superuser
--

ALTER TABLE ONLY public.analytic_indicator_values
    ADD CONSTRAINT analytic_indicator_values_pkey PRIMARY KEY (id);


--
-- Name: analytic_indicators analytic_indicators_code_key; Type: CONSTRAINT; Schema: public; Owner: superuser
--

ALTER TABLE ONLY public.analytic_indicators
    ADD CONSTRAINT analytic_indicators_code_key UNIQUE (code);


--
-- Name: analytic_indicators analytic_indicators_pkey; Type: CONSTRAINT; Schema: public; Owner: superuser
--

ALTER TABLE ONLY public.analytic_indicators
    ADD CONSTRAINT analytic_indicators_pkey PRIMARY KEY (id);


--
-- Name: analytic_report_banks analytic_report_banks_pkey; Type: CONSTRAINT; Schema: public; Owner: superuser
--

ALTER TABLE ONLY public.analytic_report_banks
    ADD CONSTRAINT analytic_report_banks_pkey PRIMARY KEY (id);


--
-- Name: analytic_report_banks analytic_report_banks_report_id_bank_id_a346b6c4_uniq; Type: CONSTRAINT; Schema: public; Owner: superuser
--

ALTER TABLE ONLY public.analytic_report_banks
    ADD CONSTRAINT analytic_report_banks_report_id_bank_id_a346b6c4_uniq UNIQUE (report_id, bank_id);


--
-- Name: analytic_reports analytic_reports_pkey; Type: CONSTRAINT; Schema: public; Owner: superuser
--

ALTER TABLE ONLY public.analytic_reports
    ADD CONSTRAINT analytic_reports_pkey PRIMARY KEY (id);


--
-- Name: auth_group auth_group_name_key; Type: CONSTRAINT; Schema: public; Owner: superuser
--

ALTER TABLE ONLY public.auth_group
    ADD CONSTRAINT auth_group_name_key UNIQUE (name);


--
-- Name: auth_group_permissions auth_group_permissions_group_id_permission_id_0cd325b0_uniq; Type: CONSTRAINT; Schema: public; Owner: superuser
--

ALTER TABLE ONLY public.auth_group_permissions
    ADD CONSTRAINT auth_group_permissions_group_id_permission_id_0cd325b0_uniq UNIQUE (group_id, permission_id);


--
-- Name: auth_group_permissions auth_group_permissions_pkey; Type: CONSTRAINT; Schema: public; Owner: superuser
--

ALTER TABLE ONLY public.auth_group_permissions
    ADD CONSTRAINT auth_group_permissions_pkey PRIMARY KEY (id);


--
-- Name: auth_group auth_group_pkey; Type: CONSTRAINT; Schema: public; Owner: superuser
--

ALTER TABLE ONLY public.auth_group
    ADD CONSTRAINT auth_group_pkey PRIMARY KEY (id);


--
-- Name: auth_permission auth_permission_content_type_id_codename_01ab375a_uniq; Type: CONSTRAINT; Schema: public; Owner: superuser
--

ALTER TABLE ONLY public.auth_permission
    ADD CONSTRAINT auth_permission_content_type_id_codename_01ab375a_uniq UNIQUE (content_type_id, codename);


--
-- Name: auth_permission auth_permission_pkey; Type: CONSTRAINT; Schema: public; Owner: superuser
--

ALTER TABLE ONLY public.auth_permission
    ADD CONSTRAINT auth_permission_pkey PRIMARY KEY (id);


--
-- Name: auth_user_groups auth_user_groups_pkey; Type: CONSTRAINT; Schema: public; Owner: superuser
--

ALTER TABLE ONLY public.auth_user_groups
    ADD CONSTRAINT auth_user_groups_pkey PRIMARY KEY (id);


--
-- Name: auth_user_groups auth_user_groups_user_id_group_id_94350c0c_uniq; Type: CONSTRAINT; Schema: public; Owner: superuser
--

ALTER TABLE ONLY public.auth_user_groups
    ADD CONSTRAINT auth_user_groups_user_id_group_id_94350c0c_uniq UNIQUE (user_id, group_id);


--
-- Name: auth_user auth_user_pkey; Type: CONSTRAINT; Schema: public; Owner: superuser
--

ALTER TABLE ONLY public.auth_user
    ADD CONSTRAINT auth_user_pkey PRIMARY KEY (id);


--
-- Name: auth_user_user_permissions auth_user_user_permissions_pkey; Type: CONSTRAINT; Schema: public; Owner: superuser
--

ALTER TABLE ONLY public.auth_user_user_permissions
    ADD CONSTRAINT auth_user_user_permissions_pkey PRIMARY KEY (id);


--
-- Name: auth_user_user_permissions auth_user_user_permissions_user_id_permission_id_14a6b632_uniq; Type: CONSTRAINT; Schema: public; Owner: superuser
--

ALTER TABLE ONLY public.auth_user_user_permissions
    ADD CONSTRAINT auth_user_user_permissions_user_id_permission_id_14a6b632_uniq UNIQUE (user_id, permission_id);


--
-- Name: auth_user auth_user_username_key; Type: CONSTRAINT; Schema: public; Owner: superuser
--

ALTER TABLE ONLY public.auth_user
    ADD CONSTRAINT auth_user_username_key UNIQUE (username);


--
-- Name: django_admin_log django_admin_log_pkey; Type: CONSTRAINT; Schema: public; Owner: superuser
--

ALTER TABLE ONLY public.django_admin_log
    ADD CONSTRAINT django_admin_log_pkey PRIMARY KEY (id);


--
-- Name: django_content_type django_content_type_app_label_model_76bd3d3b_uniq; Type: CONSTRAINT; Schema: public; Owner: superuser
--

ALTER TABLE ONLY public.django_content_type
    ADD CONSTRAINT django_content_type_app_label_model_76bd3d3b_uniq UNIQUE (app_label, model);


--
-- Name: django_content_type django_content_type_pkey; Type: CONSTRAINT; Schema: public; Owner: superuser
--

ALTER TABLE ONLY public.django_content_type
    ADD CONSTRAINT django_content_type_pkey PRIMARY KEY (id);


--
-- Name: django_migrations django_migrations_pkey; Type: CONSTRAINT; Schema: public; Owner: superuser
--

ALTER TABLE ONLY public.django_migrations
    ADD CONSTRAINT django_migrations_pkey PRIMARY KEY (id);


--
-- Name: django_session django_session_pkey; Type: CONSTRAINT; Schema: public; Owner: superuser
--

ALTER TABLE ONLY public.django_session
    ADD CONSTRAINT django_session_pkey PRIMARY KEY (session_key);


--
-- Name: parser_post parser_post_pkey; Type: CONSTRAINT; Schema: public; Owner: superuser
--

ALTER TABLE ONLY public.parser_post
    ADD CONSTRAINT parser_post_pkey PRIMARY KEY (id);


--
-- Name: analytic_banks_title_37769852_like; Type: INDEX; Schema: public; Owner: superuser
--

CREATE INDEX analytic_banks_title_37769852_like ON public.analytic_banks USING btree (title varchar_pattern_ops);


--
-- Name: analytic_indicator_values_bank_id_4f7f2ec1; Type: INDEX; Schema: public; Owner: superuser
--

CREATE INDEX analytic_indicator_values_bank_id_4f7f2ec1 ON public.analytic_indicator_values USING btree (bank_id);


--
-- Name: analytic_indicator_values_indicator_id_ee1065ef; Type: INDEX; Schema: public; Owner: superuser
--

CREATE INDEX analytic_indicator_values_indicator_id_ee1065ef ON public.analytic_indicator_values USING btree (indicator_id);


--
-- Name: analytic_indicator_values_report_id_79db47f8; Type: INDEX; Schema: public; Owner: superuser
--

CREATE INDEX analytic_indicator_values_report_id_79db47f8 ON public.analytic_indicator_values USING btree (report_id);


--
-- Name: analytic_indicators_code_13705cb1_like; Type: INDEX; Schema: public; Owner: superuser
--

CREATE INDEX analytic_indicators_code_13705cb1_like ON public.analytic_indicators USING btree (code varchar_pattern_ops);


--
-- Name: analytic_indicators_order_d7456345; Type: INDEX; Schema: public; Owner: superuser
--

CREATE INDEX analytic_indicators_order_d7456345 ON public.analytic_indicators USING btree ("order");


--
-- Name: analytic_indicators_parent_id_ab1df10f; Type: INDEX; Schema: public; Owner: superuser
--

CREATE INDEX analytic_indicators_parent_id_ab1df10f ON public.analytic_indicators USING btree (parent_id);


--
-- Name: analytic_report_banks_bank_id_c5d3b41d; Type: INDEX; Schema: public; Owner: superuser
--

CREATE INDEX analytic_report_banks_bank_id_c5d3b41d ON public.analytic_report_banks USING btree (bank_id);


--
-- Name: analytic_report_banks_report_id_d51c5352; Type: INDEX; Schema: public; Owner: superuser
--

CREATE INDEX analytic_report_banks_report_id_d51c5352 ON public.analytic_report_banks USING btree (report_id);


--
-- Name: auth_group_name_a6ea08ec_like; Type: INDEX; Schema: public; Owner: superuser
--

CREATE INDEX auth_group_name_a6ea08ec_like ON public.auth_group USING btree (name varchar_pattern_ops);


--
-- Name: auth_group_permissions_group_id_b120cbf9; Type: INDEX; Schema: public; Owner: superuser
--

CREATE INDEX auth_group_permissions_group_id_b120cbf9 ON public.auth_group_permissions USING btree (group_id);


--
-- Name: auth_group_permissions_permission_id_84c5c92e; Type: INDEX; Schema: public; Owner: superuser
--

CREATE INDEX auth_group_permissions_permission_id_84c5c92e ON public.auth_group_permissions USING btree (permission_id);


--
-- Name: auth_permission_content_type_id_2f476e4b; Type: INDEX; Schema: public; Owner: superuser
--

CREATE INDEX auth_permission_content_type_id_2f476e4b ON public.auth_permission USING btree (content_type_id);


--
-- Name: auth_user_groups_group_id_97559544; Type: INDEX; Schema: public; Owner: superuser
--

CREATE INDEX auth_user_groups_group_id_97559544 ON public.auth_user_groups USING btree (group_id);


--
-- Name: auth_user_groups_user_id_6a12ed8b; Type: INDEX; Schema: public; Owner: superuser
--

CREATE INDEX auth_user_groups_user_id_6a12ed8b ON public.auth_user_groups USING btree (user_id);


--
-- Name: auth_user_user_permissions_permission_id_1fbb5f2c; Type: INDEX; Schema: public; Owner: superuser
--

CREATE INDEX auth_user_user_permissions_permission_id_1fbb5f2c ON public.auth_user_user_permissions USING btree (permission_id);


--
-- Name: auth_user_user_permissions_user_id_a95ead1b; Type: INDEX; Schema: public; Owner: superuser
--

CREATE INDEX auth_user_user_permissions_user_id_a95ead1b ON public.auth_user_user_permissions USING btree (user_id);


--
-- Name: auth_user_username_6821ab7c_like; Type: INDEX; Schema: public; Owner: superuser
--

CREATE INDEX auth_user_username_6821ab7c_like ON public.auth_user USING btree (username varchar_pattern_ops);


--
-- Name: django_admin_log_content_type_id_c4bce8eb; Type: INDEX; Schema: public; Owner: superuser
--

CREATE INDEX django_admin_log_content_type_id_c4bce8eb ON public.django_admin_log USING btree (content_type_id);


--
-- Name: django_admin_log_user_id_c564eba6; Type: INDEX; Schema: public; Owner: superuser
--

CREATE INDEX django_admin_log_user_id_c564eba6 ON public.django_admin_log USING btree (user_id);


--
-- Name: django_session_expire_date_a5c62663; Type: INDEX; Schema: public; Owner: superuser
--

CREATE INDEX django_session_expire_date_a5c62663 ON public.django_session USING btree (expire_date);


--
-- Name: django_session_session_key_c0390e0f_like; Type: INDEX; Schema: public; Owner: superuser
--

CREATE INDEX django_session_session_key_c0390e0f_like ON public.django_session USING btree (session_key varchar_pattern_ops);


--
-- Name: analytic_indicator_values analytic_indicator_v_indicator_id_ee1065ef_fk_analytic_; Type: FK CONSTRAINT; Schema: public; Owner: superuser
--

ALTER TABLE ONLY public.analytic_indicator_values
    ADD CONSTRAINT analytic_indicator_v_indicator_id_ee1065ef_fk_analytic_ FOREIGN KEY (indicator_id) REFERENCES public.analytic_indicators(id) DEFERRABLE INITIALLY DEFERRED;


--
-- Name: analytic_indicator_values analytic_indicator_v_report_id_79db47f8_fk_analytic_; Type: FK CONSTRAINT; Schema: public; Owner: superuser
--

ALTER TABLE ONLY public.analytic_indicator_values
    ADD CONSTRAINT analytic_indicator_v_report_id_79db47f8_fk_analytic_ FOREIGN KEY (report_id) REFERENCES public.analytic_reports(id) DEFERRABLE INITIALLY DEFERRED;


--
-- Name: analytic_indicator_values analytic_indicator_values_bank_id_4f7f2ec1_fk_analytic_banks_id; Type: FK CONSTRAINT; Schema: public; Owner: superuser
--

ALTER TABLE ONLY public.analytic_indicator_values
    ADD CONSTRAINT analytic_indicator_values_bank_id_4f7f2ec1_fk_analytic_banks_id FOREIGN KEY (bank_id) REFERENCES public.analytic_banks(id) DEFERRABLE INITIALLY DEFERRED;


--
-- Name: analytic_indicators analytic_indicators_parent_id_ab1df10f_fk_analytic_; Type: FK CONSTRAINT; Schema: public; Owner: superuser
--

ALTER TABLE ONLY public.analytic_indicators
    ADD CONSTRAINT analytic_indicators_parent_id_ab1df10f_fk_analytic_ FOREIGN KEY (parent_id) REFERENCES public.analytic_indicators(id) DEFERRABLE INITIALLY DEFERRED;


--
-- Name: analytic_report_banks analytic_report_banks_bank_id_c5d3b41d_fk_analytic_banks_id; Type: FK CONSTRAINT; Schema: public; Owner: superuser
--

ALTER TABLE ONLY public.analytic_report_banks
    ADD CONSTRAINT analytic_report_banks_bank_id_c5d3b41d_fk_analytic_banks_id FOREIGN KEY (bank_id) REFERENCES public.analytic_banks(id) DEFERRABLE INITIALLY DEFERRED;


--
-- Name: analytic_report_banks analytic_report_banks_report_id_d51c5352_fk_analytic_reports_id; Type: FK CONSTRAINT; Schema: public; Owner: superuser
--

ALTER TABLE ONLY public.analytic_report_banks
    ADD CONSTRAINT analytic_report_banks_report_id_d51c5352_fk_analytic_reports_id FOREIGN KEY (report_id) REFERENCES public.analytic_reports(id) DEFERRABLE INITIALLY DEFERRED;


--
-- Name: auth_group_permissions auth_group_permissio_permission_id_84c5c92e_fk_auth_perm; Type: FK CONSTRAINT; Schema: public; Owner: superuser
--

ALTER TABLE ONLY public.auth_group_permissions
    ADD CONSTRAINT auth_group_permissio_permission_id_84c5c92e_fk_auth_perm FOREIGN KEY (permission_id) REFERENCES public.auth_permission(id) DEFERRABLE INITIALLY DEFERRED;


--
-- Name: auth_group_permissions auth_group_permissions_group_id_b120cbf9_fk_auth_group_id; Type: FK CONSTRAINT; Schema: public; Owner: superuser
--

ALTER TABLE ONLY public.auth_group_permissions
    ADD CONSTRAINT auth_group_permissions_group_id_b120cbf9_fk_auth_group_id FOREIGN KEY (group_id) REFERENCES public.auth_group(id) DEFERRABLE INITIALLY DEFERRED;


--
-- Name: auth_permission auth_permission_content_type_id_2f476e4b_fk_django_co; Type: FK CONSTRAINT; Schema: public; Owner: superuser
--

ALTER TABLE ONLY public.auth_permission
    ADD CONSTRAINT auth_permission_content_type_id_2f476e4b_fk_django_co FOREIGN KEY (content_type_id) REFERENCES public.django_content_type(id) DEFERRABLE INITIALLY DEFERRED;


--
-- Name: auth_user_groups auth_user_groups_group_id_97559544_fk_auth_group_id; Type: FK CONSTRAINT; Schema: public; Owner: superuser
--

ALTER TABLE ONLY public.auth_user_groups
    ADD CONSTRAINT auth_user_groups_group_id_97559544_fk_auth_group_id FOREIGN KEY (group_id) REFERENCES public.auth_group(id) DEFERRABLE INITIALLY DEFERRED;


--
-- Name: auth_user_groups auth_user_groups_user_id_6a12ed8b_fk_auth_user_id; Type: FK CONSTRAINT; Schema: public; Owner: superuser
--

ALTER TABLE ONLY public.auth_user_groups
    ADD CONSTRAINT auth_user_groups_user_id_6a12ed8b_fk_auth_user_id FOREIGN KEY (user_id) REFERENCES public.auth_user(id) DEFERRABLE INITIALLY DEFERRED;


--
-- Name: auth_user_user_permissions auth_user_user_permi_permission_id_1fbb5f2c_fk_auth_perm; Type: FK CONSTRAINT; Schema: public; Owner: superuser
--

ALTER TABLE ONLY public.auth_user_user_permissions
    ADD CONSTRAINT auth_user_user_permi_permission_id_1fbb5f2c_fk_auth_perm FOREIGN KEY (permission_id) REFERENCES public.auth_permission(id) DEFERRABLE INITIALLY DEFERRED;


--
-- Name: auth_user_user_permissions auth_user_user_permissions_user_id_a95ead1b_fk_auth_user_id; Type: FK CONSTRAINT; Schema: public; Owner: superuser
--

ALTER TABLE ONLY public.auth_user_user_permissions
    ADD CONSTRAINT auth_user_user_permissions_user_id_a95ead1b_fk_auth_user_id FOREIGN KEY (user_id) REFERENCES public.auth_user(id) DEFERRABLE INITIALLY DEFERRED;


--
-- Name: django_admin_log django_admin_log_content_type_id_c4bce8eb_fk_django_co; Type: FK CONSTRAINT; Schema: public; Owner: superuser
--

ALTER TABLE ONLY public.django_admin_log
    ADD CONSTRAINT django_admin_log_content_type_id_c4bce8eb_fk_django_co FOREIGN KEY (content_type_id) REFERENCES public.django_content_type(id) DEFERRABLE INITIALLY DEFERRED;


--
-- Name: django_admin_log django_admin_log_user_id_c564eba6_fk_auth_user_id; Type: FK CONSTRAINT; Schema: public; Owner: superuser
--

ALTER TABLE ONLY public.django_admin_log
    ADD CONSTRAINT django_admin_log_user_id_c564eba6_fk_auth_user_id FOREIGN KEY (user_id) REFERENCES public.auth_user(id) DEFERRABLE INITIALLY DEFERRED;


--
-- PostgreSQL database dump complete
--

